Observation,Strain,Lineage,Serotype,Source,Condition,Phase,Nisin,Temperature,Replicate,Age,Date,Day,Inoculum,Log_CFU,Log_Diff,AgeGroup,Native_Microbiota
1,FSL F2-0310,I,4b,Salmon,BHI,Stationary,Plus,7,1,6,10/19/18,1,5.94,4.71,-1.23,BHI1,1.7
2,FSL L4-0396,II,1/2a,Environment,BHI,Stationary,Plus,7,1,6,10/19/18,1,5.95,4.61,-1.34,BHI1,1.7
3,FSL N1-0061,I,4b,Environment,BHI,Stationary,Plus,7,1,6,10/19/18,1,5.99,4.92,-1.07,BHI1,1.7
4,FSL F2-0237,II,1/2a,Salmon,BHI,Stationary,Plus,7,1,6,10/19/18,1,6,5.05,-0.95,BHI1,1.7
5,FSL L3-0051,I,1/2b,Salmon,BHI,Stationary,Plus,7,1,6,10/19/18,1,5.81,3.85,-1.96,BHI1,1.7
6,FSL L4-0060,I,1/2b,Environment,BHI,Stationary,Plus,7,1,6,10/19/18,1,5.81,4.63,-1.18,BHI1,1.7
7,FSL F2-0310,I,4b,Salmon,BHI,Stationary,Minus,7,1,6,10/19/18,1,5.94,6.48,0.54,BHI1,3.7
8,FSL L4-0396,II,1/2a,Environment,BHI,Stationary,Minus,7,1,6,10/19/18,1,5.95,6.16,0.21,BHI1,3.7
9,FSL N1-0061,I,4b,Environment,BHI,Stationary,Minus,7,1,6,10/19/18,1,5.99,6.45,0.46,BHI1,3.7
10,FSL F2-0237,II,1/2a,Salmon,BHI,Stationary,Minus,7,1,6,10/19/18,1,6,6.36,0.36,BHI1,3.7
11,FSL L3-0051,I,1/2b,Salmon,BHI,Stationary,Minus,7,1,6,10/19/18,1,5.81,6.3,0.49,BHI1,3.7
12,FSL L4-0060,I,1/2b,Environment,BHI,Stationary,Minus,7,1,6,10/19/18,1,5.81,6.2,0.39,BHI1,3.7
13,FSL F2-0310,I,4b,Salmon,BHI,Stationary,Plus,7,1,6,11/2/18,15,5.94,5.98,0.04,BHI1,5.65
14,FSL L4-0396,II,1/2a,Environment,BHI,Stationary,Plus,7,1,6,11/2/18,15,5.95,6.44,0.49,BHI1,5.44
15,FSL N1-0061,I,4b,Environment,BHI,Stationary,Plus,7,1,6,11/2/18,15,5.99,7.7,1.71,BHI1,6.57
16,FSL F2-0237,II,1/2a,Salmon,BHI,Stationary,Plus,7,1,6,11/2/18,15,6,8.3,2.3,BHI1,6.1
17,FSL L3-0051,I,1/2b,Salmon,BHI,Stationary,Plus,7,1,6,11/2/18,15,5.81,5.29,-0.52,BHI1,3.7
18,FSL L4-0060,I,1/2b,Environment,BHI,Stationary,Plus,7,1,6,11/2/18,15,5.81,5.18,-0.63,BHI1,5.89
19,FSL F2-0310,I,4b,Salmon,BHI,Stationary,Minus,7,1,6,11/2/18,15,5.94,8.42,2.48,BHI1,5.7
20,FSL L4-0396,II,1/2a,Environment,BHI,Stationary,Minus,7,1,6,11/2/18,15,5.95,8.86,2.91,BHI1,5.7
21,FSL N1-0061,I,4b,Environment,BHI,Stationary,Minus,7,1,6,11/2/18,15,5.99,8.62,2.63,BHI1,5.7
22,FSL F2-0237,II,1/2a,Salmon,BHI,Stationary,Minus,7,1,6,11/2/18,15,6,8.44,2.44,BHI1,5.7
23,FSL L3-0051,I,1/2b,Salmon,BHI,Stationary,Minus,7,1,6,11/2/18,15,5.81,8.17,2.36,BHI1,5.7
24,FSL L4-0060,I,1/2b,Environment,BHI,Stationary,Minus,7,1,6,11/2/18,15,5.81,9.13,3.32,BHI1,5.7
25,FSL F2-0310,I,4b,Salmon,BHI,Stationary,Plus,7,1,6,11/17/18,30,5.94,5.88,-0.06,BHI1,6.44
26,FSL L4-0396,II,1/2a,Environment,BHI,Stationary,Plus,7,1,6,11/17/18,30,5.95,7.86,1.91,BHI1,6.7
27,FSL N1-0061,I,4b,Environment,BHI,Stationary,Plus,7,1,6,11/17/18,30,5.99,6.54,0.55,BHI1,6.24
28,FSL F2-0237,II,1/2a,Salmon,BHI,Stationary,Plus,7,1,6,11/17/18,30,6,8.26,2.26,BHI1,6.35
29,FSL L3-0051,I,1/2b,Salmon,BHI,Stationary,Plus,7,1,6,11/17/18,30,5.81,4.68,-1.13,BHI1,6.68
30,FSL L4-0060,I,1/2b,Environment,BHI,Stationary,Plus,7,1,6,11/17/18,30,5.81,7.69,1.88,BHI1,5.7
31,FSL F2-0310,I,4b,Salmon,BHI,Stationary,Minus,7,1,6,11/17/18,30,5.94,9.49,3.55,BHI1,6.7
32,FSL L4-0396,II,1/2a,Environment,BHI,Stationary,Minus,7,1,6,11/17/18,30,5.95,9.31,3.36,BHI1,6.7
33,FSL N1-0061,I,4b,Environment,BHI,Stationary,Minus,7,1,6,11/17/18,30,5.99,9.08,3.09,BHI1,6.7
34,FSL F2-0237,II,1/2a,Salmon,BHI,Stationary,Minus,7,1,6,11/17/18,30,6,8.74,2.74,BHI1,6.1
35,FSL L3-0051,I,1/2b,Salmon,BHI,Stationary,Minus,7,1,6,11/17/18,30,5.81,9.09,3.28,BHI1,7.1
36,FSL L4-0060,I,1/2b,Environment,BHI,Stationary,Minus,7,1,6,11/17/18,30,5.81,9.34,3.53,BHI1,6.7
37,FSL F2-0310,I,4b,Salmon,BHI,Stationary,Plus,7,2,18,10/31/18,1,6.05,5.58,-0.47,BHI2,1.7
38,FSL L4-0396,II,1/2a,Environment,BHI,Stationary,Plus,7,2,18,10/31/18,1,5.93,5.6,-0.33,BHI2,1.7
39,FSL N1-0061,I,4b,Environment,BHI,Stationary,Plus,7,2,18,10/31/18,1,6.03,5.45,-0.58,BHI2,1.7
40,FSL F2-0237,II,1/2a,Salmon,BHI,Stationary,Plus,7,2,18,10/31/18,1,5.36,5.12,-0.24,BHI2,1.7
41,FSL L3-0051,I,1/2b,Salmon,BHI,Stationary,Plus,7,2,18,10/31/18,1,5.45,5.08,-0.37,BHI2,1.7
42,FSL L4-0060,I,1/2b,Environment,BHI,Stationary,Plus,7,2,18,10/31/18,1,6.07,4.97,-1.1,BHI2,1.7
43,FSL F2-0310,I,4b,Salmon,BHI,Stationary,Minus,7,2,18,10/31/18,1,6.05,6.15,0.1,BHI2,3.7
44,FSL L4-0396,II,1/2a,Environment,BHI,Stationary,Minus,7,2,18,10/31/18,1,5.93,6.01,0.08,BHI2,3.7
45,FSL N1-0061,I,4b,Environment,BHI,Stationary,Minus,7,2,18,10/31/18,1,6.03,6.46,0.43,BHI2,3.7
46,FSL F2-0237,II,1/2a,Salmon,BHI,Stationary,Minus,7,2,18,10/31/18,1,5.36,6.45,1.09,BHI2,3.7
47,FSL L3-0051,I,1/2b,Salmon,BHI,Stationary,Minus,7,2,18,10/31/18,1,5.45,6.1,0.65,BHI2,3.7
48,FSL L4-0060,I,1/2b,Environment,BHI,Stationary,Minus,7,2,18,10/31/18,1,6.07,6.48,0.41,BHI2,3.7
49,FSL F2-0310,I,4b,Salmon,BHI,Stationary,Plus,7,2,18,11/14/18,15,6.05,8.52,2.47,BHI2,5.7
50,FSL L4-0396,II,1/2a,Environment,BHI,Stationary,Plus,7,2,18,11/14/18,15,5.93,7.15,1.22,BHI2,4.9
51,FSL N1-0061,I,4b,Environment,BHI,Stationary,Plus,7,2,18,11/14/18,15,6.03,8.31,2.28,BHI2,6.21
52,FSL F2-0237,II,1/2a,Salmon,BHI,Stationary,Plus,7,2,18,11/14/18,15,5.36,8.52,3.16,BHI2,5.1
53,FSL L3-0051,I,1/2b,Salmon,BHI,Stationary,Plus,7,2,18,11/14/18,15,5.45,7.99,2.54,BHI2,5.81
54,FSL L4-0060,I,1/2b,Environment,BHI,Stationary,Plus,7,2,18,11/14/18,15,6.07,8.46,2.39,BHI2,5.88
55,FSL F2-0310,I,4b,Salmon,BHI,Stationary,Minus,7,2,18,11/14/18,15,6.05,8.88,2.83,BHI2,5.7
56,FSL L4-0396,II,1/2a,Environment,BHI,Stationary,Minus,7,2,18,11/14/18,15,5.93,9.05,3.12,BHI2,6.1
57,FSL N1-0061,I,4b,Environment,BHI,Stationary,Minus,7,2,18,11/14/18,15,6.03,9.01,2.98,BHI2,5.7
58,FSL F2-0237,II,1/2a,Salmon,BHI,Stationary,Minus,7,2,18,11/14/18,15,5.36,8.95,3.59,BHI2,5.7
59,FSL L3-0051,I,1/2b,Salmon,BHI,Stationary,Minus,7,2,18,11/14/18,15,5.45,8.88,3.43,BHI2,5.7
60,FSL L4-0060,I,1/2b,Environment,BHI,Stationary,Minus,7,2,18,11/14/18,15,6.07,9.19,3.12,BHI2,5.7
61,FSL F2-0310,I,4b,Salmon,BHI,Stationary,Plus,7,2,18,11/29/18,30,6.05,8.69,2.64,BHI2,6.18
62,FSL L4-0396,II,1/2a,Environment,BHI,Stationary,Plus,7,2,18,11/29/18,30,5.93,8.66,2.73,BHI2,6.24
63,FSL N1-0061,I,4b,Environment,BHI,Stationary,Plus,7,2,18,11/29/18,30,6.03,7.07,1.04,BHI2,6.44
64,FSL F2-0237,II,1/2a,Salmon,BHI,Stationary,Plus,7,2,18,11/29/18,30,5.36,8.68,3.32,BHI2,7
65,FSL L3-0051,I,1/2b,Salmon,BHI,Stationary,Plus,7,2,18,11/29/18,30,5.45,6.62,1.17,BHI2,5.86
66,FSL L4-0060,I,1/2b,Environment,BHI,Stationary,Plus,7,2,18,11/29/18,30,6.07,8.27,2.2,BHI2,5.7
67,FSL F2-0310,I,4b,Salmon,BHI,Stationary,Minus,7,2,18,11/29/18,30,6.05,8.97,2.92,BHI2,7.1
68,FSL L4-0396,II,1/2a,Environment,BHI,Stationary,Minus,7,2,18,11/29/18,30,5.93,9.06,3.13,BHI2,7
69,FSL N1-0061,I,4b,Environment,BHI,Stationary,Minus,7,2,18,11/29/18,30,6.03,9.06,3.03,BHI2,6.7
70,FSL F2-0237,II,1/2a,Salmon,BHI,Stationary,Minus,7,2,18,11/29/18,30,5.36,9.1,3.74,BHI2,7.44
71,FSL L3-0051,I,1/2b,Salmon,BHI,Stationary,Minus,7,2,18,11/29/18,30,5.45,8.93,3.48,BHI2,7.3
72,FSL L4-0060,I,1/2b,Environment,BHI,Stationary,Minus,7,2,18,11/29/18,30,6.07,9.13,3.06,BHI2,6.7
73,FSL F2-0310,I,4b,Salmon,BHI,Stationary,Plus,7,3,68,12/20/18,1,6.18,5.28,-0.9,BHI3,1.7
74,FSL L4-0396,II,1/2a,Environment,BHI,Stationary,Plus,7,3,68,12/20/18,1,6.1,5.06,-1.04,BHI3,1.7
75,FSL N1-0061,I,4b,Environment,BHI,Stationary,Plus,7,3,68,12/20/18,1,6.18,4.69,-1.49,BHI3,1.7
76,FSL F2-0237,II,1/2a,Salmon,BHI,Stationary,Plus,7,3,68,12/20/18,1,6.14,4.98,-1.16,BHI3,1.7
77,FSL L3-0051,I,1/2b,Salmon,BHI,Stationary,Plus,7,3,68,12/20/18,1,5.9,4.74,-1.16,BHI3,1.7
78,FSL L4-0060,I,1/2b,Environment,BHI,Stationary,Plus,7,3,68,12/20/18,1,6.09,5.01,-1.08,BHI3,1.7
79,FSL F2-0310,I,4b,Salmon,BHI,Stationary,Minus,7,3,68,12/20/18,1,6.18,5.86,-0.32,BHI3,3.7
80,FSL L4-0396,II,1/2a,Environment,BHI,Stationary,Minus,7,3,68,12/20/18,1,6.1,6.06,-0.04,BHI3,3.7
81,FSL N1-0061,I,4b,Environment,BHI,Stationary,Minus,7,3,68,12/20/18,1,6.18,5.92,-0.26,BHI3,3.7
82,FSL F2-0237,II,1/2a,Salmon,BHI,Stationary,Minus,7,3,68,12/20/18,1,6.14,6.47,0.33,BHI3,3.7
83,FSL L3-0051,I,1/2b,Salmon,BHI,Stationary,Minus,7,3,68,12/20/18,1,5.9,5.87,-0.03,BHI3,3.7
84,FSL L4-0060,I,1/2b,Environment,BHI,Stationary,Minus,7,3,68,12/20/18,1,6.09,6.21,0.12,BHI3,3.7
85,FSL F2-0310,I,4b,Salmon,BHI,Stationary,Plus,7,3,68,1/3/18,15,6.18,5.7,0.42,BHI3,5.7
86,FSL L4-0396,II,1/2a,Environment,BHI,Stationary,Plus,7,3,68,1/3/18,15,6.1,4.88,-1.22,BHI3,5.1
87,FSL N1-0061,I,4b,Environment,BHI,Stationary,Plus,7,3,68,1/3/18,15,6.18,5.4,-0.78,BHI3,5.7
88,FSL F2-0237,II,1/2a,Salmon,BHI,Stationary,Plus,7,3,68,1/3/18,15,6.14,5.4,-0.74,BHI3,6
89,FSL L3-0051,I,1/2b,Salmon,BHI,Stationary,Plus,7,3,68,1/3/18,15,5.9,7.94,2.04,BHI3,5.74
90,FSL L4-0060,I,1/2b,Environment,BHI,Stationary,Plus,7,3,68,1/3/18,15,6.09,8.36,2.27,BHI3,6
91,FSL F2-0310,I,4b,Salmon,BHI,Stationary,Minus,7,3,68,1/3/18,15,6.18,8.69,2.51,BHI3,6.3
92,FSL L4-0396,II,1/2a,Environment,BHI,Stationary,Minus,7,3,68,1/3/18,15,6.1,8.99,2.89,BHI3,5.7
93,FSL N1-0061,I,4b,Environment,BHI,Stationary,Minus,7,3,68,1/3/18,15,6.18,9.03,2.85,BHI3,5.88
94,FSL F2-0237,II,1/2a,Salmon,BHI,Stationary,Minus,7,3,68,1/3/18,15,6.14,9.08,2.94,BHI3,5.7
95,FSL L3-0051,I,1/2b,Salmon,BHI,Stationary,Minus,7,3,68,1/3/18,15,5.9,8.91,3.01,BHI3,5.88
96,FSL L4-0060,I,1/2b,Environment,BHI,Stationary,Minus,7,3,68,1/3/18,15,6.09,8.41,2.32,BHI3,5.7
97,FSL F2-0310,I,4b,Salmon,BHI,Stationary,Plus,7,3,68,1/18/19,30,6.18,6,0.3,BHI3,6.22
98,FSL L4-0396,II,1/2a,Environment,BHI,Stationary,Plus,7,3,68,1/18/19,30,6.1,5,0.12,BHI3,6.81
99,FSL N1-0061,I,4b,Environment,BHI,Stationary,Plus,7,3,68,1/18/19,30,6.18,6.38,0.99,BHI3,7
100,FSL F2-0237,II,1/2a,Salmon,BHI,Stationary,Plus,7,3,68,1/18/19,30,6.14,8.34,2.94,BHI3,6
101,FSL L3-0051,I,1/2b,Salmon,BHI,Stationary,Plus,7,3,68,1/18/19,30,5.9,8.42,0.48,BHI3,6.54
102,FSL L4-0060,I,1/2b,Environment,BHI,Stationary,Plus,7,3,68,1/18/19,30,6.09,7.02,-1.34,BHI3,7.01
103,FSL F2-0310,I,4b,Salmon,BHI,Stationary,Minus,7,3,68,1/18/19,30,6.18,8.32,-0.38,BHI3,6.88
104,FSL L4-0396,II,1/2a,Environment,BHI,Stationary,Minus,7,3,68,1/18/19,30,6.1,8.55,-0.44,BHI3,6.7
105,FSL N1-0061,I,4b,Environment,BHI,Stationary,Minus,7,3,68,1/18/19,30,6.18,8.6,-0.43,BHI3,7
106,FSL F2-0237,II,1/2a,Salmon,BHI,Stationary,Minus,7,3,68,1/18/19,30,6.14,8.62,-0.46,BHI3,7
107,FSL L3-0051,I,1/2b,Salmon,BHI,Stationary,Minus,7,3,68,1/18/19,30,5.9,9.12,0.21,BHI3,7
108,FSL L4-0060,I,1/2b,Environment,BHI,Stationary,Minus,7,3,68,1/18/19,30,6.09,8.85,0.44,BHI3,7.95
109,FSL F2-0310,I,4b,Salmon,BHI,Stationary,Plus,7,4,86,2/6/19,1,5.88,5.93,0.05,BHI4,1.7
110,FSL L4-0396,II,1/2a,Environment,BHI,Stationary,Plus,7,4,86,2/6/19,1,5.91,5.39,-0.51,BHI4,1.7
111,FSL N1-0061,I,4b,Environment,BHI,Stationary,Plus,7,4,86,2/6/19,1,6.05,5.22,-0.83,BHI4,1.7
112,FSL F2-0237,II,1/2a,Salmon,BHI,Stationary,Plus,7,4,86,2/6/19,1,5.91,5.03,-0.89,BHI4,1.7
113,FSL L3-0051,I,1/2b,Salmon,BHI,Stationary,Plus,7,4,86,2/6/19,1,5.89,4.67,-1.21,BHI4,1.7
114,FSL L4-0060,I,1/2b,Environment,BHI,Stationary,Plus,7,4,86,2/6/19,1,5.79,4.2,-1.59,BHI4,1.7
115,FSL F2-0310,I,4b,Salmon,BHI,Stationary,Minus,7,4,86,2/6/19,1,5.88,6.15,0.27,BHI4,3.7
116,FSL L4-0396,II,1/2a,Environment,BHI,Stationary,Minus,7,4,86,2/6/19,1,5.91,6.2,0.3,BHI4,3.7
117,FSL N1-0061,I,4b,Environment,BHI,Stationary,Minus,7,4,86,2/6/19,1,6.05,6.36,0.31,BHI4,3.7
118,FSL F2-0237,II,1/2a,Salmon,BHI,Stationary,Minus,7,4,86,2/6/19,1,5.91,6.07,0.15,BHI4,3.7
119,FSL L3-0051,I,1/2b,Salmon,BHI,Stationary,Minus,7,4,86,2/6/19,1,5.89,6.19,0.3,BHI4,3.7
120,FSL L4-0060,I,1/2b,Environment,BHI,Stationary,Minus,7,4,86,2/6/19,1,5.79,6.39,0.6,BHI4,3.7
121,FSL F2-0310,I,4b,Salmon,BHI,Stationary,Plus,7,4,86,2/20/19,15,5.88,8.36,2.43,BHI4,6.4
122,FSL L4-0396,II,1/2a,Environment,BHI,Stationary,Plus,7,4,86,2/20/19,15,5.91,8.12,2.73,BHI4,4.88
123,FSL N1-0061,I,4b,Environment,BHI,Stationary,Plus,7,4,86,2/20/19,15,6.05,7.67,2.45,BHI4,8.18
124,FSL F2-0237,II,1/2a,Salmon,BHI,Stationary,Plus,7,4,86,2/20/19,15,5.91,8.07,3.04,BHI4,5.7
125,FSL L3-0051,I,1/2b,Salmon,BHI,Stationary,Plus,7,4,86,2/20/19,15,5.89,8.05,3.38,BHI4,5.7
126,FSL L4-0060,I,1/2b,Environment,BHI,Stationary,Plus,7,4,86,2/20/19,15,5.79,7.94,3.74,BHI4,5.7
127,FSL F2-0310,I,4b,Salmon,BHI,Stationary,Minus,7,4,86,2/20/19,15,5.88,9.12,2.97,BHI4,5.7
128,FSL L4-0396,II,1/2a,Environment,BHI,Stationary,Minus,7,4,86,2/20/19,15,5.91,9.11,2.91,BHI4,5.7
129,FSL N1-0061,I,4b,Environment,BHI,Stationary,Minus,7,4,86,2/20/19,15,6.05,9.16,2.8,BHI4,5.7
130,FSL F2-0237,II,1/2a,Salmon,BHI,Stationary,Minus,7,4,86,2/20/19,15,5.91,9,2.93,BHI4,5.7
131,FSL L3-0051,I,1/2b,Salmon,BHI,Stationary,Minus,7,4,86,2/20/19,15,5.89,9.04,2.85,BHI4,5.7
132,FSL L4-0060,I,1/2b,Environment,BHI,Stationary,Minus,7,4,86,2/20/19,15,5.79,9.27,2.88,BHI4,5.7
133,FSL F2-0310,I,4b,Salmon,BHI,Stationary,Plus,7,4,86,3/7/19,30,5.88,8.73,0.37,BHI4,6.76
134,FSL L4-0396,II,1/2a,Environment,BHI,Stationary,Plus,7,4,86,3/7/19,30,5.91,8.95,0.83,BHI4,6.3
135,FSL N1-0061,I,4b,Environment,BHI,Stationary,Plus,7,4,86,3/7/19,30,6.05,8.75,1.08,BHI4,6.65
136,FSL F2-0237,II,1/2a,Salmon,BHI,Stationary,Plus,7,4,86,3/7/19,30,5.91,8.37,0.3,BHI4,6
137,FSL L3-0051,I,1/2b,Salmon,BHI,Stationary,Plus,7,4,86,3/7/19,30,5.89,8.07,0.02,BHI4,6.96
138,FSL L4-0060,I,1/2b,Environment,BHI,Stationary,Plus,7,4,86,3/7/19,30,5.79,8.42,0.48,BHI4,6.4
139,FSL F2-0310,I,4b,Salmon,BHI,Stationary,Minus,7,4,86,3/7/19,30,5.88,9.23,0.11,BHI4,7.24
140,FSL L4-0396,II,1/2a,Environment,BHI,Stationary,Minus,7,4,86,3/7/19,30,5.91,9.12,0.01,BHI4,6.88
141,FSL N1-0061,I,4b,Environment,BHI,Stationary,Minus,7,4,86,3/7/19,30,6.05,8.99,-0.17,BHI4,6.4
142,FSL F2-0237,II,1/2a,Salmon,BHI,Stationary,Minus,7,4,86,3/7/19,30,5.91,9.09,0.09,BHI4,6.7
143,FSL L3-0051,I,1/2b,Salmon,BHI,Stationary,Minus,7,4,86,3/7/19,30,5.89,9.16,0.12,BHI4,6.7
144,FSL L4-0060,I,1/2b,Environment,BHI,Stationary,Minus,7,4,86,3/7/19,30,5.79,9.2,-0.07,BHI4,6.7
145,FSL F2-0310,I,4b,Salmon,NaCl,Stationary,Plus,7,1,5,10/18/18,1,5.55,4.67,-0.88,NaCl1,1.7
146,FSL L4-0396,II,1/2a,Environment,NaCl,Stationary,Plus,7,1,5,10/18/18,1,5.87,3.78,-2.09,NaCl1,1.7
147,FSL N1-0061,I,4b,Environment,NaCl,Stationary,Plus,7,1,5,10/18/18,1,5.79,5.38,-0.41,NaCl1,1.7
148,FSL F2-0237,II,1/2a,Salmon,NaCl,Stationary,Plus,7,1,5,10/18/18,1,5.83,3.95,-1.88,NaCl1,1.7
149,FSL L3-0051,I,1/2b,Salmon,NaCl,Stationary,Plus,7,1,5,10/18/18,1,5.53,2.44,-3.09,NaCl1,1.7
150,FSL L4-0060,I,1/2b,Environment,NaCl,Stationary,Plus,7,1,5,10/18/18,1,5.67,4.58,-1.09,NaCl1,1.7
151,FSL F2-0310,I,4b,Salmon,NaCl,Stationary,Minus,7,1,5,10/18/18,1,5.55,6.22,0.67,NaCl1,3.7
152,FSL L4-0396,II,1/2a,Environment,NaCl,Stationary,Minus,7,1,5,10/18/18,1,5.87,6.43,0.56,NaCl1,3.7
153,FSL N1-0061,I,4b,Environment,NaCl,Stationary,Minus,7,1,5,10/18/18,1,5.79,6.44,0.65,NaCl1,3.7
154,FSL F2-0237,II,1/2a,Salmon,NaCl,Stationary,Minus,7,1,5,10/18/18,1,5.83,6.36,0.53,NaCl1,3.7
155,FSL L3-0051,I,1/2b,Salmon,NaCl,Stationary,Minus,7,1,5,10/18/18,1,5.53,6.39,0.86,NaCl1,3.7
156,FSL L4-0060,I,1/2b,Environment,NaCl,Stationary,Minus,7,1,5,10/18/18,1,5.67,6.23,0.56,NaCl1,3.7
157,FSL F2-0310,I,4b,Salmon,NaCl,Stationary,Plus,7,1,5,11/1/18,15,5.55,7.41,1.86,NaCl1,5.54
158,FSL L4-0396,II,1/2a,Environment,NaCl,Stationary,Plus,7,1,5,11/1/18,15,5.87,7.36,1.49,NaCl1,6.63
159,FSL N1-0061,I,4b,Environment,NaCl,Stationary,Plus,7,1,5,11/1/18,15,5.79,7.13,1.34,NaCl1,5.68
160,FSL F2-0237,II,1/2a,Salmon,NaCl,Stationary,Plus,7,1,5,11/1/18,15,5.83,5.89,0.06,NaCl1,5
161,FSL L3-0051,I,1/2b,Salmon,NaCl,Stationary,Plus,7,1,5,11/1/18,15,5.53,4.88,-0.65,NaCl1,5.1
162,FSL L4-0060,I,1/2b,Environment,NaCl,Stationary,Plus,7,1,5,11/1/18,15,5.67,7.94,2.27,NaCl1,4.7
163,FSL F2-0310,I,4b,Salmon,NaCl,Stationary,Minus,7,1,5,11/1/18,15,5.55,8.74,3.19,NaCl1,5.7
164,FSL L4-0396,II,1/2a,Environment,NaCl,Stationary,Minus,7,1,5,11/1/18,15,5.87,8.89,3.02,NaCl1,6.18
165,FSL N1-0061,I,4b,Environment,NaCl,Stationary,Minus,7,1,5,11/1/18,15,5.79,8.97,3.18,NaCl1,6.18
166,FSL F2-0237,II,1/2a,Salmon,NaCl,Stationary,Minus,7,1,5,11/1/18,15,5.83,8.73,2.9,NaCl1,5.7
167,FSL L3-0051,I,1/2b,Salmon,NaCl,Stationary,Minus,7,1,5,11/1/18,15,5.53,9.13,3.6,NaCl1,6.1
168,FSL L4-0060,I,1/2b,Environment,NaCl,Stationary,Minus,7,1,5,11/1/18,15,5.67,9.13,3.46,NaCl1,5.7
169,FSL F2-0310,I,4b,Salmon,NaCl,Stationary,Plus,7,1,5,11/16/18,30,5.55,7.37,1.82,NaCl1,7.57
170,FSL L4-0396,II,1/2a,Environment,NaCl,Stationary,Plus,7,1,5,11/16/18,30,5.87,8.27,2.4,NaCl1,7
171,FSL N1-0061,I,4b,Environment,NaCl,Stationary,Plus,7,1,5,11/16/18,30,5.79,8.5,2.71,NaCl1,6
172,FSL F2-0237,II,1/2a,Salmon,NaCl,Stationary,Plus,7,1,5,11/16/18,30,5.83,8.23,2.4,NaCl1,6.68
173,FSL L3-0051,I,1/2b,Salmon,NaCl,Stationary,Plus,7,1,5,11/16/18,30,5.53,7.58,2.05,NaCl1,5.85
174,FSL L4-0060,I,1/2b,Environment,NaCl,Stationary,Plus,7,1,5,11/16/18,30,5.67,8.48,2.81,NaCl1,6.24
175,FSL F2-0310,I,4b,Salmon,NaCl,Stationary,Minus,7,1,5,11/16/18,30,5.55,9.18,3.63,NaCl1,7.18
176,FSL L4-0396,II,1/2a,Environment,NaCl,Stationary,Minus,7,1,5,11/16/18,30,5.87,9.08,3.21,NaCl1,6.88
177,FSL N1-0061,I,4b,Environment,NaCl,Stationary,Minus,7,1,5,11/16/18,30,5.79,9.26,3.47,NaCl1,7.4
178,FSL F2-0237,II,1/2a,Salmon,NaCl,Stationary,Minus,7,1,5,11/16/18,30,5.83,8.86,3.03,NaCl1,7
179,FSL L3-0051,I,1/2b,Salmon,NaCl,Stationary,Minus,7,1,5,11/16/18,30,5.53,9.09,3.56,NaCl1,6.88
180,FSL L4-0060,I,1/2b,Environment,NaCl,Stationary,Minus,7,1,5,11/16/18,30,5.67,8.99,3.32,NaCl1,6.88
181,FSL F2-0310,I,4b,Salmon,NaCl,Stationary,Plus,7,2,33,11/15/18,1,6.11,5.45,-0.66,NaCl2,1.7
182,FSL L4-0396,II,1/2a,Environment,NaCl,Stationary,Plus,7,2,33,11/15/18,1,6.02,4.61,-1.41,NaCl2,1.7
183,FSL N1-0061,I,4b,Environment,NaCl,Stationary,Plus,7,2,33,11/15/18,1,6.17,5.07,-1.1,NaCl2,1.7
184,FSL F2-0237,II,1/2a,Salmon,NaCl,Stationary,Plus,7,2,33,11/15/18,1,6.09,4.31,-1.78,NaCl2,1.7
185,FSL L3-0051,I,1/2b,Salmon,NaCl,Stationary,Plus,7,2,33,11/15/18,1,6,4.05,-1.95,NaCl2,1.7
186,FSL L4-0060,I,1/2b,Environment,NaCl,Stationary,Plus,7,2,33,11/15/18,1,6.13,5.32,-0.81,NaCl2,1.7
187,FSL F2-0310,I,4b,Salmon,NaCl,Stationary,Minus,7,2,33,11/15/18,1,6.11,6.54,0.43,NaCl2,3.7
188,FSL L4-0396,II,1/2a,Environment,NaCl,Stationary,Minus,7,2,33,11/15/18,1,6.02,6.69,0.67,NaCl2,3.7
189,FSL N1-0061,I,4b,Environment,NaCl,Stationary,Minus,7,2,33,11/15/18,1,6.17,6.64,0.47,NaCl2,3.7
190,FSL F2-0237,II,1/2a,Salmon,NaCl,Stationary,Minus,7,2,33,11/15/18,1,6.09,6.46,0.37,NaCl2,3.7
191,FSL L3-0051,I,1/2b,Salmon,NaCl,Stationary,Minus,7,2,33,11/15/18,1,6,6.34,0.34,NaCl2,3.7
192,FSL L4-0060,I,1/2b,Environment,NaCl,Stationary,Minus,7,2,33,11/15/18,1,6.13,6.75,0.62,NaCl2,3.7
193,FSL F2-0310,I,4b,Salmon,NaCl,Stationary,Plus,7,2,33,11/30/18,15,6.11,6.72,0.61,NaCl2,4.7
194,FSL L4-0396,II,1/2a,Environment,NaCl,Stationary,Plus,7,2,33,11/30/18,15,6.02,7.19,1.17,NaCl2,5.83
195,FSL N1-0061,I,4b,Environment,NaCl,Stationary,Plus,7,2,33,11/30/18,15,6.17,6.86,0.69,NaCl2,4.7
196,FSL F2-0237,II,1/2a,Salmon,NaCl,Stationary,Plus,7,2,33,11/30/18,15,6.09,7.58,1.49,NaCl2,5.88
197,FSL L3-0051,I,1/2b,Salmon,NaCl,Stationary,Plus,7,2,33,11/30/18,15,6,5.71,-0.29,NaCl2,4.7
198,FSL L4-0060,I,1/2b,Environment,NaCl,Stationary,Plus,7,2,33,11/30/18,15,6.13,8.29,2.16,NaCl2,5.7
199,FSL F2-0310,I,4b,Salmon,NaCl,Stationary,Minus,7,2,33,11/30/18,15,6.11,9.1,2.99,NaCl2,6.7
200,FSL L4-0396,II,1/2a,Environment,NaCl,Stationary,Minus,7,2,33,11/30/18,15,6.02,9.02,3,NaCl2,6.7
201,FSL N1-0061,I,4b,Environment,NaCl,Stationary,Minus,7,2,33,11/30/18,15,6.17,9.26,3.09,NaCl2,6.7
202,FSL F2-0237,II,1/2a,Salmon,NaCl,Stationary,Minus,7,2,33,11/30/18,15,6.09,8.94,2.85,NaCl2,6.7
203,FSL L3-0051,I,1/2b,Salmon,NaCl,Stationary,Minus,7,2,33,11/30/18,15,6,9.26,3.26,NaCl2,6.7
204,FSL L4-0060,I,1/2b,Environment,NaCl,Stationary,Minus,7,2,33,11/30/18,15,6.13,9.37,3.24,NaCl2,6.7
205,FSL F2-0310,I,4b,Salmon,NaCl,Stationary,Plus,7,2,33,12/14/18,30,6.11,8.73,2.62,NaCl2,6.48
206,FSL L4-0396,II,1/2a,Environment,NaCl,Stationary,Plus,7,2,33,12/14/18,30,6.02,8.26,2.24,NaCl2,7
207,FSL N1-0061,I,4b,Environment,NaCl,Stationary,Plus,7,2,33,12/14/18,30,6.17,8.34,2.17,NaCl2,6.1
208,FSL F2-0237,II,1/2a,Salmon,NaCl,Stationary,Plus,7,2,33,12/14/18,30,6.09,8.59,2.5,NaCl2,6
209,FSL L3-0051,I,1/2b,Salmon,NaCl,Stationary,Plus,7,2,33,12/14/18,30,6,8.51,2.51,NaCl2,6.35
210,FSL L4-0060,I,1/2b,Environment,NaCl,Stationary,Plus,7,2,33,12/14/18,30,6.13,8.66,2.53,NaCl2,7
211,FSL F2-0310,I,4b,Salmon,NaCl,Stationary,Minus,7,2,33,12/14/18,30,6.11,9.1,2.99,NaCl2,6.7
212,FSL L4-0396,II,1/2a,Environment,NaCl,Stationary,Minus,7,2,33,12/14/18,30,6.02,9.28,3.26,NaCl2,6.7
213,FSL N1-0061,I,4b,Environment,NaCl,Stationary,Minus,7,2,33,12/14/18,30,6.17,9.26,3.09,NaCl2,6.7
214,FSL F2-0237,II,1/2a,Salmon,NaCl,Stationary,Minus,7,2,33,12/14/18,30,6.09,9.32,3.23,NaCl2,6.7
215,FSL L3-0051,I,1/2b,Salmon,NaCl,Stationary,Minus,7,2,33,12/14/18,30,6,9.36,3.36,NaCl2,7.4
216,FSL L4-0060,I,1/2b,Environment,NaCl,Stationary,Minus,7,2,33,12/14/18,30,6.13,9.32,3.19,NaCl2,6.7
217,FSL F2-0310,I,4b,Salmon,NaCl,Stationary,Plus,7,3,70,12/22/18,1,5.5,4.67,-0.83,NaCl3,1.7
218,FSL L4-0396,II,1/2a,Environment,NaCl,Stationary,Plus,7,3,70,12/22/18,1,5.36,4.08,-1.28,NaCl3,1.7
219,FSL N1-0061,I,4b,Environment,NaCl,Stationary,Plus,7,3,70,12/22/18,1,5.68,5.35,-0.33,NaCl3,1.7
220,FSL F2-0237,II,1/2a,Salmon,NaCl,Stationary,Plus,7,3,70,12/22/18,1,4.77,4.94,0.17,NaCl3,1.7
221,FSL L3-0051,I,1/2b,Salmon,NaCl,Stationary,Plus,7,3,70,12/22/18,1,4.28,4.39,0.11,NaCl3,1.7
222,FSL L4-0060,I,1/2b,Environment,NaCl,Stationary,Plus,7,3,70,12/22/18,1,5.36,5.09,-0.27,NaCl3,1.7
223,FSL F2-0310,I,4b,Salmon,NaCl,Stationary,Minus,7,3,70,12/22/18,1,5.5,6.18,0.68,NaCl3,3.7
224,FSL L4-0396,II,1/2a,Environment,NaCl,Stationary,Minus,7,3,70,12/22/18,1,5.36,6.04,0.68,NaCl3,3.7
225,FSL N1-0061,I,4b,Environment,NaCl,Stationary,Minus,7,3,70,12/22/18,1,5.68,6.75,1.07,NaCl3,3.7
226,FSL F2-0237,II,1/2a,Salmon,NaCl,Stationary,Minus,7,3,70,12/22/18,1,4.77,6.51,1.74,NaCl3,3.7
227,FSL L3-0051,I,1/2b,Salmon,NaCl,Stationary,Minus,7,3,70,12/22/18,1,4.28,5.6,1.32,NaCl3,3.7
228,FSL L4-0060,I,1/2b,Environment,NaCl,Stationary,Minus,7,3,70,12/22/18,1,5.36,6.78,1.42,NaCl3,3.7
229,FSL F2-0310,I,4b,Salmon,NaCl,Stationary,Plus,7,3,70,1/5/19,15,5.5,5.1,-0.4,NaCl3,4.88
230,FSL L4-0396,II,1/2a,Environment,NaCl,Stationary,Plus,7,3,70,1/5/19,15,5.36,8.47,3.11,NaCl3,5.7
231,FSL N1-0061,I,4b,Environment,NaCl,Stationary,Plus,7,3,70,1/5/19,15,5.68,7.81,2.13,NaCl3,5.54
232,FSL F2-0237,II,1/2a,Salmon,NaCl,Stationary,Plus,7,3,70,1/5/19,15,4.77,8.61,3.84,NaCl3,5.68
233,FSL L3-0051,I,1/2b,Salmon,NaCl,Stationary,Plus,7,3,70,1/5/19,15,4.28,8.5,4.22,NaCl3,5.7
234,FSL L4-0060,I,1/2b,Environment,NaCl,Stationary,Plus,7,3,70,1/5/19,15,5.36,8.75,3.39,NaCl3,5.7
235,FSL F2-0310,I,4b,Salmon,NaCl,Stationary,Minus,7,3,70,1/5/19,15,5.5,9.07,3.57,NaCl3,5.7
236,FSL L4-0396,II,1/2a,Environment,NaCl,Stationary,Minus,7,3,70,1/5/19,15,5.36,9.13,3.77,NaCl3,5.7
237,FSL N1-0061,I,4b,Environment,NaCl,Stationary,Minus,7,3,70,1/5/19,15,5.68,9.37,3.69,NaCl3,5.7
238,FSL F2-0237,II,1/2a,Salmon,NaCl,Stationary,Minus,7,3,70,1/5/19,15,4.77,9.44,4.67,NaCl3,6.1
239,FSL L3-0051,I,1/2b,Salmon,NaCl,Stationary,Minus,7,3,70,1/5/19,15,4.28,9.15,4.87,NaCl3,5.7
240,FSL L4-0060,I,1/2b,Environment,NaCl,Stationary,Minus,7,3,70,1/5/19,15,5.36,9.29,3.93,NaCl3,5.7
241,FSL F2-0310,I,4b,Salmon,NaCl,Stationary,Plus,7,3,70,1/20/19,30,5.5,8.84,3.75,NaCl3,6.35
242,FSL L4-0396,II,1/2a,Environment,NaCl,Stationary,Plus,7,3,70,1/20/19,30,5.36,8.38,-0.09,NaCl3,7.3
243,FSL N1-0061,I,4b,Environment,NaCl,Stationary,Plus,7,3,70,1/20/19,30,5.68,9.01,1.2,NaCl3,6.51
244,FSL F2-0237,II,1/2a,Salmon,NaCl,Stationary,Plus,7,3,70,1/20/19,30,4.77,8.77,0.16,NaCl3,6.44
245,FSL L3-0051,I,1/2b,Salmon,NaCl,Stationary,Plus,7,3,70,1/20/19,30,4.28,8.7,0.2,NaCl3,7.3
246,FSL L4-0060,I,1/2b,Environment,NaCl,Stationary,Plus,7,3,70,1/20/19,30,5.36,8.98,0.22,NaCl3,5.88
247,FSL F2-0310,I,4b,Salmon,NaCl,Stationary,Minus,7,3,70,1/20/19,30,5.5,9.26,0.18,NaCl3,6.7
248,FSL L4-0396,II,1/2a,Environment,NaCl,Stationary,Minus,7,3,70,1/20/19,30,5.36,9.28,0.15,NaCl3,6.7
249,FSL N1-0061,I,4b,Environment,NaCl,Stationary,Minus,7,3,70,1/20/19,30,5.68,9.34,-0.03,NaCl3,6.7
250,FSL F2-0237,II,1/2a,Salmon,NaCl,Stationary,Minus,7,3,70,1/20/19,30,4.77,9.37,-0.07,NaCl3,6.7
251,FSL L3-0051,I,1/2b,Salmon,NaCl,Stationary,Minus,7,3,70,1/20/19,30,4.28,9.16,0.01,NaCl3,6.7
252,FSL L4-0060,I,1/2b,Environment,NaCl,Stationary,Minus,7,3,70,1/20/19,30,5.36,9.31,0.02,NaCl3,6.7
253,FSL F2-0310,I,4b,Salmon,NaCl,Stationary,Plus,7,4,101,2/21/19,1,5.92,5.38,-0.54,NaCl4,1.7
254,FSL L4-0396,II,1/2a,Environment,NaCl,Stationary,Plus,7,4,101,2/21/19,1,6.06,4.15,-1.91,NaCl4,1.7
255,FSL N1-0061,I,4b,Environment,NaCl,Stationary,Plus,7,4,101,2/21/19,1,5.96,5.2,-0.76,NaCl4,1.7
256,FSL F2-0237,II,1/2a,Salmon,NaCl,Stationary,Plus,7,4,101,2/21/19,1,6.05,4.83,-1.21,NaCl4,1.7
257,FSL L3-0051,I,1/2b,Salmon,NaCl,Stationary,Plus,7,4,101,2/21/19,1,5.76,3.81,-1.95,NaCl4,1.7
258,FSL L4-0060,I,1/2b,Environment,NaCl,Stationary,Plus,7,4,101,2/21/19,1,6.27,5.73,-0.54,NaCl4,1.7
259,FSL F2-0310,I,4b,Salmon,NaCl,Stationary,Minus,7,4,101,2/21/19,1,5.92,6.33,0.41,NaCl4,3.7
260,FSL L4-0396,II,1/2a,Environment,NaCl,Stationary,Minus,7,4,101,2/21/19,1,6.06,6.41,0.35,NaCl4,3.7
261,FSL N1-0061,I,4b,Environment,NaCl,Stationary,Minus,7,4,101,2/21/19,1,5.96,6.41,0.45,NaCl4,3.7
262,FSL F2-0237,II,1/2a,Salmon,NaCl,Stationary,Minus,7,4,101,2/21/19,1,6.05,6.64,0.6,NaCl4,3.7
263,FSL L3-0051,I,1/2b,Salmon,NaCl,Stationary,Minus,7,4,101,2/21/19,1,5.76,6.44,0.68,NaCl4,3.7
264,FSL L4-0060,I,1/2b,Environment,NaCl,Stationary,Minus,7,4,101,2/21/19,1,6.27,6.89,0.62,NaCl4,3.7
265,FSL F2-0310,I,4b,Salmon,NaCl,Stationary,Plus,7,4,101,3/7/19,15,5.92,8.09,2.71,NaCl4,5.4
266,FSL L4-0396,II,1/2a,Environment,NaCl,Stationary,Plus,7,4,101,3/7/19,15,6.06,8.01,3.86,NaCl4,5.88
267,FSL N1-0061,I,4b,Environment,NaCl,Stationary,Plus,7,4,101,3/7/19,15,5.96,8.55,3.35,NaCl4,6.24
268,FSL F2-0237,II,1/2a,Salmon,NaCl,Stationary,Plus,7,4,101,3/7/19,15,6.05,8.62,3.79,NaCl4,5.7
269,FSL L3-0051,I,1/2b,Salmon,NaCl,Stationary,Plus,7,4,101,3/7/19,15,5.76,8.2,4.39,NaCl4,5.1
270,FSL L4-0060,I,1/2b,Environment,NaCl,Stationary,Plus,7,4,101,3/7/19,15,6.27,8.61,2.88,NaCl4,5.7
271,FSL F2-0310,I,4b,Salmon,NaCl,Stationary,Minus,7,4,101,3/7/19,15,5.92,9.33,3,NaCl4,5.7
272,FSL L4-0396,II,1/2a,Environment,NaCl,Stationary,Minus,7,4,101,3/7/19,15,6.06,9.09,2.68,NaCl4,6
273,FSL N1-0061,I,4b,Environment,NaCl,Stationary,Minus,7,4,101,3/7/19,15,5.96,9.37,2.96,NaCl4,6
274,FSL F2-0237,II,1/2a,Salmon,NaCl,Stationary,Minus,7,4,101,3/7/19,15,6.05,9.3,2.66,NaCl4,6.3
275,FSL L3-0051,I,1/2b,Salmon,NaCl,Stationary,Minus,7,4,101,3/7/19,15,5.76,9.27,2.83,NaCl4,6.3
276,FSL L4-0060,I,1/2b,Environment,NaCl,Stationary,Minus,7,4,101,3/7/19,15,6.27,9.28,2.39,NaCl4,5.88
277,FSL F2-0310,I,4b,Salmon,NaCl,Stationary,Plus,7,4,101,3/22/19,30,5.92,8.6,0.51,NaCl4,7.59
278,FSL L4-0396,II,1/2a,Environment,NaCl,Stationary,Plus,7,4,101,3/22/19,30,6.06,8.83,0.82,NaCl4,6.93
279,FSL N1-0061,I,4b,Environment,NaCl,Stationary,Plus,7,4,101,3/22/19,30,5.96,8.96,0.41,NaCl4,7.16
280,FSL F2-0237,II,1/2a,Salmon,NaCl,Stationary,Plus,7,4,101,3/22/19,30,6.05,8.97,0.35,NaCl4,7.17
281,FSL L3-0051,I,1/2b,Salmon,NaCl,Stationary,Plus,7,4,101,3/22/19,30,5.76,8.4,0.2,NaCl4,6.85
282,FSL L4-0060,I,1/2b,Environment,NaCl,Stationary,Plus,7,4,101,3/22/19,30,6.27,8.94,0.33,NaCl4,7.33
283,FSL F2-0310,I,4b,Salmon,NaCl,Stationary,Minus,7,4,101,3/22/19,30,5.92,9.2,-0.13,NaCl4,7
284,FSL L4-0396,II,1/2a,Environment,NaCl,Stationary,Minus,7,4,101,3/22/19,30,6.06,9.39,0.29,NaCl4,7
285,FSL N1-0061,I,4b,Environment,NaCl,Stationary,Minus,7,4,101,3/22/19,30,5.96,9.31,-0.06,NaCl4,7.24
286,FSL F2-0237,II,1/2a,Salmon,NaCl,Stationary,Minus,7,4,101,3/22/19,30,6.05,9.27,-0.03,NaCl4,7
287,FSL L3-0051,I,1/2b,Salmon,NaCl,Stationary,Minus,7,4,101,3/22/19,30,5.76,9.19,-0.08,NaCl4,7
288,FSL L4-0060,I,1/2b,Environment,NaCl,Stationary,Minus,7,4,101,3/22/19,30,6.27,9.31,0.03,NaCl4,6.88
289,FSL F2-0310,I,4b,Salmon,pH,Stationary,Plus,7,1,7,10/20/18,1,4.74,5.89,1.15,pH1,1.7
290,FSL L4-0396,II,1/2a,Environment,pH,Stationary,Plus,7,1,7,10/20/18,1,5.57,6.16,0.59,pH1,1.7
291,FSL N1-0061,I,4b,Environment,pH,Stationary,Plus,7,1,7,10/20/18,1,5.87,5.08,-0.79,pH1,1.7
292,FSL F2-0237,II,1/2a,Salmon,pH,Stationary,Plus,7,1,7,10/20/18,1,5.43,5.19,-0.24,pH1,1.7
293,FSL L3-0051,I,1/2b,Salmon,pH,Stationary,Plus,7,1,7,10/20/18,1,5.65,3.48,-2.17,pH1,1.7
294,FSL L4-0060,I,1/2b,Environment,pH,Stationary,Plus,7,1,7,10/20/18,1,5.63,4.06,-1.57,pH1,1.7
295,FSL F2-0310,I,4b,Salmon,pH,Stationary,Minus,7,1,7,10/20/18,1,4.74,6.4,1.66,pH1,3.7
296,FSL L4-0396,II,1/2a,Environment,pH,Stationary,Minus,7,1,7,10/20/18,1,5.57,5.7,0.13,pH1,3.7
297,FSL N1-0061,I,4b,Environment,pH,Stationary,Minus,7,1,7,10/20/18,1,5.87,5.93,0.06,pH1,3.7
298,FSL F2-0237,II,1/2a,Salmon,pH,Stationary,Minus,7,1,7,10/20/18,1,5.43,5.67,0.24,pH1,3.7
299,FSL L3-0051,I,1/2b,Salmon,pH,Stationary,Minus,7,1,7,10/20/18,1,5.65,6.41,0.76,pH1,3.7
300,FSL L4-0060,I,1/2b,Environment,pH,Stationary,Minus,7,1,7,10/20/18,1,5.63,6.35,0.72,pH1,3.7
301,FSL F2-0310,I,4b,Salmon,pH,Stationary,Plus,7,1,7,11/3/18,15,4.74,9.22,4.48,pH1,5.7
302,FSL L4-0396,II,1/2a,Environment,pH,Stationary,Plus,7,1,7,11/3/18,15,5.57,7.42,1.85,pH1,5.7
303,FSL N1-0061,I,4b,Environment,pH,Stationary,Plus,7,1,7,11/3/18,15,5.87,9.25,3.38,pH1,6.7
304,FSL F2-0237,II,1/2a,Salmon,pH,Stationary,Plus,7,1,7,11/3/18,15,5.43,8.64,3.21,pH1,5.88
305,FSL L3-0051,I,1/2b,Salmon,pH,Stationary,Plus,7,1,7,11/3/18,15,5.65,4.57,-1.08,pH1,4.7
306,FSL L4-0060,I,1/2b,Environment,pH,Stationary,Plus,7,1,7,11/3/18,15,5.63,6.66,1.03,pH1,6.3
307,FSL F2-0310,I,4b,Salmon,pH,Stationary,Minus,7,1,7,11/3/18,15,4.74,8.63,3.89,pH1,5.7
308,FSL L4-0396,II,1/2a,Environment,pH,Stationary,Minus,7,1,7,11/3/18,15,5.57,9.34,3.77,pH1,5.7
309,FSL N1-0061,I,4b,Environment,pH,Stationary,Minus,7,1,7,11/3/18,15,5.87,8.8,2.93,pH1,5.7
310,FSL F2-0237,II,1/2a,Salmon,pH,Stationary,Minus,7,1,7,11/3/18,15,5.43,8.48,3.05,pH1,5.7
311,FSL L3-0051,I,1/2b,Salmon,pH,Stationary,Minus,7,1,7,11/3/18,15,5.65,8.8,3.15,pH1,6
312,FSL L4-0060,I,1/2b,Environment,pH,Stationary,Minus,7,1,7,11/3/18,15,5.63,9.1,3.47,pH1,6.18
313,FSL F2-0310,I,4b,Salmon,pH,Stationary,Plus,7,1,7,11/18/18,30,4.74,9.24,4.5,pH1,6.24
314,FSL L4-0396,II,1/2a,Environment,pH,Stationary,Plus,7,1,7,11/18/18,30,5.57,8.95,3.38,pH1,8
315,FSL N1-0061,I,4b,Environment,pH,Stationary,Plus,7,1,7,11/18/18,30,5.87,9.04,3.17,pH1,6.7
316,FSL F2-0237,II,1/2a,Salmon,pH,Stationary,Plus,7,1,7,11/18/18,30,5.43,8.37,2.94,pH1,6.88
317,FSL L3-0051,I,1/2b,Salmon,pH,Stationary,Plus,7,1,7,11/18/18,30,5.65,6.3,0.65,pH1,7
318,FSL L4-0060,I,1/2b,Environment,pH,Stationary,Plus,7,1,7,11/18/18,30,5.63,6.54,0.91,pH1,5.88
319,FSL F2-0310,I,4b,Salmon,pH,Stationary,Minus,7,1,7,11/18/18,30,4.74,9.24,4.5,pH1,7
320,FSL L4-0396,II,1/2a,Environment,pH,Stationary,Minus,7,1,7,11/18/18,30,5.57,9.53,3.96,pH1,6.7
321,FSL N1-0061,I,4b,Environment,pH,Stationary,Minus,7,1,7,11/18/18,30,5.87,8.57,2.7,pH1,6.7
322,FSL F2-0237,II,1/2a,Salmon,pH,Stationary,Minus,7,1,7,11/18/18,30,5.43,9.26,3.83,pH1,6.88
323,FSL L3-0051,I,1/2b,Salmon,pH,Stationary,Minus,7,1,7,11/18/18,30,5.65,9.14,3.49,pH1,6.7
324,FSL L4-0060,I,1/2b,Environment,pH,Stationary,Minus,7,1,7,11/18/18,30,5.63,9.3,3.67,pH1,6.7
325,FSL F2-0310,I,4b,Salmon,pH,Stationary,Plus,7,2,32,11/14/18,1,5.88,5.41,-0.47,pH2,1.7
326,FSL L4-0396,II,1/2a,Environment,pH,Stationary,Plus,7,2,32,11/14/18,1,5.7,4.66,-1.04,pH2,1.7
327,FSL N1-0061,I,4b,Environment,pH,Stationary,Plus,7,2,32,11/14/18,1,5.93,4.83,-1.1,pH2,1.7
328,FSL F2-0237,II,1/2a,Salmon,pH,Stationary,Plus,7,2,32,11/14/18,1,5.73,4.65,-1.08,pH2,1.7
329,FSL L3-0051,I,1/2b,Salmon,pH,Stationary,Plus,7,2,32,11/14/18,1,5.72,4.61,-1.11,pH2,1.7
330,FSL L4-0060,I,1/2b,Environment,pH,Stationary,Plus,7,2,32,11/14/18,1,5.83,4.12,-1.71,pH2,1.7
331,FSL F2-0310,I,4b,Salmon,pH,Stationary,Minus,7,2,32,11/14/18,1,5.88,6.08,0.2,pH2,3.7
332,FSL L4-0396,II,1/2a,Environment,pH,Stationary,Minus,7,2,32,11/14/18,1,5.7,5.95,0.25,pH2,3.7
333,FSL N1-0061,I,4b,Environment,pH,Stationary,Minus,7,2,32,11/14/18,1,5.93,6.21,0.28,pH2,3.7
334,FSL F2-0237,II,1/2a,Salmon,pH,Stationary,Minus,7,2,32,11/14/18,1,5.73,5.93,0.2,pH2,3.7
335,FSL L3-0051,I,1/2b,Salmon,pH,Stationary,Minus,7,2,32,11/14/18,1,5.72,6.22,0.5,pH2,3.7
336,FSL L4-0060,I,1/2b,Environment,pH,Stationary,Minus,7,2,32,11/14/18,1,5.83,5.97,0.14,pH2,3.7
337,FSL F2-0310,I,4b,Salmon,pH,Stationary,Plus,7,2,32,11/29/18,15,5.88,7.53,1.65,pH2,5.7
338,FSL L4-0396,II,1/2a,Environment,pH,Stationary,Plus,7,2,32,11/29/18,15,5.7,8.04,2.34,pH2,4.7
339,FSL N1-0061,I,4b,Environment,pH,Stationary,Plus,7,2,32,11/29/18,15,5.93,8.55,2.62,pH2,5.7
340,FSL F2-0237,II,1/2a,Salmon,pH,Stationary,Plus,7,2,32,11/29/18,15,5.73,7.62,1.89,pH2,5.7
341,FSL L3-0051,I,1/2b,Salmon,pH,Stationary,Plus,7,2,32,11/29/18,15,5.72,7.95,2.23,pH2,5
342,FSL L4-0060,I,1/2b,Environment,pH,Stationary,Plus,7,2,32,11/29/18,15,5.83,7.43,1.6,pH2,4.7
343,FSL F2-0310,I,4b,Salmon,pH,Stationary,Minus,7,2,32,11/29/18,15,5.88,8.85,2.97,pH2,6.7
344,FSL L4-0396,II,1/2a,Environment,pH,Stationary,Minus,7,2,32,11/29/18,15,5.7,8.48,2.78,pH2,6.7
345,FSL N1-0061,I,4b,Environment,pH,Stationary,Minus,7,2,32,11/29/18,15,5.93,8.98,3.05,pH2,6.7
346,FSL F2-0237,II,1/2a,Salmon,pH,Stationary,Minus,7,2,32,11/29/18,15,5.73,9.11,3.38,pH2,6.7
347,FSL L3-0051,I,1/2b,Salmon,pH,Stationary,Minus,7,2,32,11/29/18,15,5.72,8.72,3,pH2,6.7
348,FSL L4-0060,I,1/2b,Environment,pH,Stationary,Minus,7,2,32,11/29/18,15,5.83,9.01,3.18,pH2,6.7
349,FSL F2-0310,I,4b,Salmon,pH,Stationary,Plus,7,2,32,12/13/18,30,5.88,8.9,3.02,pH2,5.88
350,FSL L4-0396,II,1/2a,Environment,pH,Stationary,Plus,7,2,32,12/13/18,30,5.7,8.76,3.06,pH2,7.24
351,FSL N1-0061,I,4b,Environment,pH,Stationary,Plus,7,2,32,12/13/18,30,5.93,8.78,2.85,pH2,6.88
352,FSL F2-0237,II,1/2a,Salmon,pH,Stationary,Plus,7,2,32,12/13/18,30,5.73,8.7,2.97,pH2,6.7
353,FSL L3-0051,I,1/2b,Salmon,pH,Stationary,Plus,7,2,32,12/13/18,30,5.72,7.94,2.22,pH2,5.18
354,FSL L4-0060,I,1/2b,Environment,pH,Stationary,Plus,7,2,32,12/13/18,30,5.83,8.37,2.54,pH2,6
355,FSL F2-0310,I,4b,Salmon,pH,Stationary,Minus,7,2,32,12/13/18,30,5.88,9.09,3.21,pH2,6.7
356,FSL L4-0396,II,1/2a,Environment,pH,Stationary,Minus,7,2,32,12/13/18,30,5.7,9.02,3.32,pH2,6.7
357,FSL N1-0061,I,4b,Environment,pH,Stationary,Minus,7,2,32,12/13/18,30,5.93,9.12,3.19,pH2,6.7
358,FSL F2-0237,II,1/2a,Salmon,pH,Stationary,Minus,7,2,32,12/13/18,30,5.73,8.76,3.03,pH2,7.18
359,FSL L3-0051,I,1/2b,Salmon,pH,Stationary,Minus,7,2,32,12/13/18,30,5.72,9.09,3.37,pH2,7.24
360,FSL L4-0060,I,1/2b,Environment,pH,Stationary,Minus,7,2,32,12/13/18,30,5.83,9.06,3.23,pH2,7
361,FSL F2-0310,I,4b,Salmon,pH,Stationary,Plus,7,3,69,12/21/18,1,5.97,5.52,-0.45,pH3,1.7
362,FSL L4-0396,II,1/2a,Environment,pH,Stationary,Plus,7,3,69,12/21/18,1,5.91,5.51,-0.4,pH3,1.7
363,FSL N1-0061,I,4b,Environment,pH,Stationary,Plus,7,3,69,12/21/18,1,5.88,5.1,-0.78,pH3,1.7
364,FSL F2-0237,II,1/2a,Salmon,pH,Stationary,Plus,7,3,69,12/21/18,1,5.97,5.55,-0.42,pH3,1.7
365,FSL L3-0051,I,1/2b,Salmon,pH,Stationary,Plus,7,3,69,12/21/18,1,5.86,4.32,-1.54,pH3,1.7
366,FSL L4-0060,I,1/2b,Environment,pH,Stationary,Plus,7,3,69,12/21/18,1,5.61,4.79,-0.82,pH3,1.7
367,FSL F2-0310,I,4b,Salmon,pH,Stationary,Minus,7,3,69,12/21/18,1,5.97,6.38,0.41,pH3,3.7
368,FSL L4-0396,II,1/2a,Environment,pH,Stationary,Minus,7,3,69,12/21/18,1,5.91,6.28,0.37,pH3,3.7
369,FSL N1-0061,I,4b,Environment,pH,Stationary,Minus,7,3,69,12/21/18,1,5.88,6.57,0.69,pH3,3.7
370,FSL F2-0237,II,1/2a,Salmon,pH,Stationary,Minus,7,3,69,12/21/18,1,5.97,6.47,0.5,pH3,3.7
371,FSL L3-0051,I,1/2b,Salmon,pH,Stationary,Minus,7,3,69,12/21/18,1,5.86,5.72,-0.14,pH3,3.7
372,FSL L4-0060,I,1/2b,Environment,pH,Stationary,Minus,7,3,69,12/21/18,1,5.61,6.55,0.94,pH3,3.7
373,FSL F2-0310,I,4b,Salmon,pH,Stationary,Plus,7,3,69,1/4/19,15,5.97,8.87,2.9,pH3,6.6
374,FSL L4-0396,II,1/2a,Environment,pH,Stationary,Plus,7,3,69,1/4/19,15,5.91,8.79,2.88,pH3,4.7
375,FSL N1-0061,I,4b,Environment,pH,Stationary,Plus,7,3,69,1/4/19,15,5.88,8.57,2.69,pH3,5.7
376,FSL F2-0237,II,1/2a,Salmon,pH,Stationary,Plus,7,3,69,1/4/19,15,5.97,8.94,2.97,pH3,5.57
377,FSL L3-0051,I,1/2b,Salmon,pH,Stationary,Plus,7,3,69,1/4/19,15,5.86,8.48,2.62,pH3,5.72
378,FSL L4-0060,I,1/2b,Environment,pH,Stationary,Plus,7,3,69,1/4/19,15,5.61,8.67,3.06,pH3,5.6
379,FSL F2-0310,I,4b,Salmon,pH,Stationary,Minus,7,3,69,1/4/19,15,5.97,9.22,3.25,pH3,5.7
380,FSL L4-0396,II,1/2a,Environment,pH,Stationary,Minus,7,3,69,1/4/19,15,5.91,9.02,3.11,pH3,5.7
381,FSL N1-0061,I,4b,Environment,pH,Stationary,Minus,7,3,69,1/4/19,15,5.88,9.14,3.26,pH3,5.7
382,FSL F2-0237,II,1/2a,Salmon,pH,Stationary,Minus,7,3,69,1/4/19,15,5.97,9.21,3.24,pH3,5.88
383,FSL L3-0051,I,1/2b,Salmon,pH,Stationary,Minus,7,3,69,1/4/19,15,5.86,8.95,3.09,pH3,5.88
384,FSL L4-0060,I,1/2b,Environment,pH,Stationary,Minus,7,3,69,1/4/19,15,5.61,9.11,3.5,pH3,5.7
385,FSL F2-0310,I,4b,Salmon,pH,Stationary,Plus,7,3,69,1/19/19,30,5.97,9,0.13,pH3,6.7
386,FSL L4-0396,II,1/2a,Environment,pH,Stationary,Plus,7,3,69,1/19/19,30,5.91,9,0.21,pH3,7.1
387,FSL N1-0061,I,4b,Environment,pH,Stationary,Plus,7,3,69,1/19/19,30,5.88,9.03,0.46,pH3,6.7
388,FSL F2-0237,II,1/2a,Salmon,pH,Stationary,Plus,7,3,69,1/19/19,30,5.97,9.11,0.16,pH3,6.7
389,FSL L3-0051,I,1/2b,Salmon,pH,Stationary,Plus,7,3,69,1/19/19,30,5.86,8.54,0.06,pH3,7.1
390,FSL L4-0060,I,1/2b,Environment,pH,Stationary,Plus,7,3,69,1/19/19,30,5.61,8.88,0.21,pH3,5.7
391,FSL F2-0310,I,4b,Salmon,pH,Stationary,Minus,7,3,69,1/19/19,30,5.97,9.13,-0.09,pH3,6.7
392,FSL L4-0396,II,1/2a,Environment,pH,Stationary,Minus,7,3,69,1/19/19,30,5.91,9.26,0.24,pH3,6.7
393,FSL N1-0061,I,4b,Environment,pH,Stationary,Minus,7,3,69,1/19/19,30,5.88,9.36,0.21,pH3,6.88
394,FSL F2-0237,II,1/2a,Salmon,pH,Stationary,Minus,7,3,69,1/19/19,30,5.97,9.4,0.19,pH3,7
395,FSL L3-0051,I,1/2b,Salmon,pH,Stationary,Minus,7,3,69,1/19/19,30,5.86,9.41,0.46,pH3,6.7
396,FSL L4-0060,I,1/2b,Environment,pH,Stationary,Minus,7,3,69,1/19/19,30,5.61,9.22,0.11,pH3,7.48
397,FSL F2-0310,I,4b,Salmon,pH,Stationary,Plus,7,5,178,4/9/19,1,5.9,5.54,-0.36,pH5,1.7
398,FSL L4-0396,II,1/2a,Environment,pH,Stationary,Plus,7,5,178,4/9/19,1,5.64,5.94,0.3,pH5,1.7
399,FSL N1-0061,I,4b,Environment,pH,Stationary,Plus,7,5,178,4/9/19,1,5.65,6.07,0.42,pH5,1.7
400,FSL F2-0237,II,1/2a,Salmon,pH,Stationary,Plus,7,5,178,4/9/19,1,5.69,5.21,-0.48,pH5,1.7
401,FSL L3-0051,I,1/2b,Salmon,pH,Stationary,Plus,7,5,178,4/9/19,1,5.54,4.18,-1.37,pH5,1.7
402,FSL L4-0060,I,1/2b,Environment,pH,Stationary,Plus,7,5,178,4/9/19,1,5.56,5.68,0.13,pH5,1.7
403,FSL F2-0310,I,4b,Salmon,pH,Stationary,Minus,7,5,178,4/9/19,1,5.9,6.13,0.23,pH5,3.7
404,FSL L4-0396,II,1/2a,Environment,pH,Stationary,Minus,7,5,178,4/9/19,1,5.64,6.16,0.52,pH5,3.7
405,FSL N1-0061,I,4b,Environment,pH,Stationary,Minus,7,5,178,4/9/19,1,5.65,6.24,0.59,pH5,3.7
406,FSL F2-0237,II,1/2a,Salmon,pH,Stationary,Minus,7,5,178,4/9/19,1,5.69,6.27,0.57,pH5,3.7
407,FSL L3-0051,I,1/2b,Salmon,pH,Stationary,Minus,7,5,178,4/9/19,1,5.54,6.15,0.61,pH5,3.7
408,FSL L4-0060,I,1/2b,Environment,pH,Stationary,Minus,7,5,178,4/9/19,1,5.56,6.19,0.63,pH5,3.7
409,FSL F2-0310,I,4b,Salmon,pH,Stationary,Plus,7,5,178,4/23/19,15,5.9,9.2,3.67,pH5,5.7
410,FSL L4-0396,II,1/2a,Environment,pH,Stationary,Plus,7,5,178,4/23/19,15,5.64,8.86,2.92,pH5,5.7
411,FSL N1-0061,I,4b,Environment,pH,Stationary,Plus,7,5,178,4/23/19,15,5.65,8.33,2.26,pH5,5.7
412,FSL F2-0237,II,1/2a,Salmon,pH,Stationary,Plus,7,5,178,4/23/19,15,5.69,9.25,4.04,pH5,5.7
413,FSL L3-0051,I,1/2b,Salmon,pH,Stationary,Plus,7,5,178,4/23/19,15,5.54,8.6,4.42,pH5,5.7
414,FSL L4-0060,I,1/2b,Environment,pH,Stationary,Plus,7,5,178,4/23/19,15,5.56,9.26,3.57,pH5,5.7
415,FSL F2-0310,I,4b,Salmon,pH,Stationary,Minus,7,5,178,4/23/19,15,5.9,9.41,3.28,pH5,5.7
416,FSL L4-0396,II,1/2a,Environment,pH,Stationary,Minus,7,5,178,4/23/19,15,5.64,9.49,3.33,pH5,5.88
417,FSL N1-0061,I,4b,Environment,pH,Stationary,Minus,7,5,178,4/23/19,15,5.65,9.32,3.09,pH5,6.24
418,FSL F2-0237,II,1/2a,Salmon,pH,Stationary,Minus,7,5,178,4/23/19,15,5.69,9.38,3.12,pH5,6.48
419,FSL L3-0051,I,1/2b,Salmon,pH,Stationary,Minus,7,5,178,4/23/19,15,5.54,9.27,3.11,pH5,5.88
420,FSL L4-0060,I,1/2b,Environment,pH,Stationary,Minus,7,5,178,4/23/19,15,5.56,9.35,3.16,pH5,5.7
421,FSL F2-0310,I,4b,Salmon,pH,Stationary,Plus,7,5,178,5/8/19,30,5.9,8.85,-0.35,pH5,7.8
422,FSL L4-0396,II,1/2a,Environment,pH,Stationary,Plus,7,5,178,5/8/19,30,5.64,8.94,0.07,pH5,6.3
423,FSL N1-0061,I,4b,Environment,pH,Stationary,Plus,7,5,178,5/8/19,30,5.65,9.18,0.86,pH5,6.3
424,FSL F2-0237,II,1/2a,Salmon,pH,Stationary,Plus,7,5,178,5/8/19,30,5.69,8.94,-0.31,pH5,6.92
425,FSL L3-0051,I,1/2b,Salmon,pH,Stationary,Plus,7,5,178,5/8/19,30,5.54,8.96,0.36,pH5,6
426,FSL L4-0060,I,1/2b,Environment,pH,Stationary,Plus,7,5,178,5/8/19,30,5.56,8.91,-0.35,pH5,6.54
427,FSL F2-0310,I,4b,Salmon,pH,Stationary,Minus,7,5,178,5/8/19,30,5.9,9.33,-0.09,pH5,6.7
428,FSL L4-0396,II,1/2a,Environment,pH,Stationary,Minus,7,5,178,5/8/19,30,5.64,9.38,-0.11,pH5,6.7
429,FSL N1-0061,I,4b,Environment,pH,Stationary,Minus,7,5,178,5/8/19,30,5.65,9.38,0.05,pH5,7
430,FSL F2-0237,II,1/2a,Salmon,pH,Stationary,Minus,7,5,178,5/8/19,30,5.69,9.27,-0.12,pH5,6.7
431,FSL L3-0051,I,1/2b,Salmon,pH,Stationary,Minus,7,5,178,5/8/19,30,5.54,9.22,-0.04,pH5,6.7
432,FSL L4-0060,I,1/2b,Environment,pH,Stationary,Minus,7,5,178,5/8/19,30,5.56,9.44,0.09,pH5,6.7
433,FSL F2-0310,I,4b,Salmon,Quat,Exponential,Plus,7,1,24,11/6/18,1,5.35,6.49,1.14,Quat1,1.7
434,FSL L4-0396,II,1/2a,Environment,Quat,Exponential,Plus,7,1,24,11/6/18,1,6.05,5.78,-0.27,Quat1,1.7
435,FSL N1-0061,I,4b,Environment,Quat,Exponential,Plus,7,1,24,11/6/18,1,5.35,5.39,0.04,Quat1,1.7
436,FSL F2-0237,II,1/2a,Salmon,Quat,Exponential,Plus,7,1,24,11/6/18,1,5.05,6.03,0.98,Quat1,1.7
437,FSL L3-0051,I,1/2b,Salmon,Quat,Exponential,Plus,7,1,24,11/6/18,1,5.69,5.45,-0.24,Quat1,1.7
438,FSL L4-0060,I,1/2b,Environment,Quat,Exponential,Plus,7,1,24,11/6/18,1,5.4,6.01,0.61,Quat1,1.7
439,FSL F2-0310,I,4b,Salmon,Quat,Exponential,Minus,7,1,24,11/6/18,1,5.35,6.28,0.93,Quat1,3.7
440,FSL L4-0396,II,1/2a,Environment,Quat,Exponential,Minus,7,1,24,11/6/18,1,6.05,6.79,0.74,Quat1,3.7
441,FSL N1-0061,I,4b,Environment,Quat,Exponential,Minus,7,1,24,11/6/18,1,5.35,6.01,0.66,Quat1,3.7
442,FSL F2-0237,II,1/2a,Salmon,Quat,Exponential,Minus,7,1,24,11/6/18,1,5.05,6.68,1.63,Quat1,3.7
443,FSL L3-0051,I,1/2b,Salmon,Quat,Exponential,Minus,7,1,24,11/6/18,1,5.69,6.32,0.63,Quat1,3.7
444,FSL L4-0060,I,1/2b,Environment,Quat,Exponential,Minus,7,1,24,11/6/18,1,5.4,6.74,1.34,Quat1,3.7
445,FSL F2-0310,I,4b,Salmon,Quat,Exponential,Plus,7,1,24,11/20/18,15,5.35,8.86,3.51,Quat1,5.7
446,FSL L4-0396,II,1/2a,Environment,Quat,Exponential,Plus,7,1,24,11/20/18,15,6.05,8.77,2.72,Quat1,5.7
447,FSL N1-0061,I,4b,Environment,Quat,Exponential,Plus,7,1,24,11/20/18,15,5.35,8.15,2.8,Quat1,5.7
448,FSL F2-0237,II,1/2a,Salmon,Quat,Exponential,Plus,7,1,24,11/20/18,15,5.05,8.3,3.25,Quat1,5.7
449,FSL L3-0051,I,1/2b,Salmon,Quat,Exponential,Plus,7,1,24,11/20/18,15,5.69,8.6,2.91,Quat1,5.81
450,FSL L4-0060,I,1/2b,Environment,Quat,Exponential,Plus,7,1,24,11/20/18,15,5.4,8.6,3.2,Quat1,5.7
451,FSL F2-0310,I,4b,Salmon,Quat,Exponential,Minus,7,1,24,11/20/18,15,5.35,9.22,3.87,Quat1,6.7
452,FSL L4-0396,II,1/2a,Environment,Quat,Exponential,Minus,7,1,24,11/20/18,15,6.05,9.23,3.18,Quat1,5.88
453,FSL N1-0061,I,4b,Environment,Quat,Exponential,Minus,7,1,24,11/20/18,15,5.35,9.41,4.06,Quat1,5.7
454,FSL F2-0237,II,1/2a,Salmon,Quat,Exponential,Minus,7,1,24,11/20/18,15,5.05,9.07,4.02,Quat1,5.7
455,FSL L3-0051,I,1/2b,Salmon,Quat,Exponential,Minus,7,1,24,11/20/18,15,5.69,9.23,3.54,Quat1,5.88
456,FSL L4-0060,I,1/2b,Environment,Quat,Exponential,Minus,7,1,24,11/20/18,15,5.4,9.33,3.93,Quat1,6.7
457,FSL F2-0310,I,4b,Salmon,Quat,Exponential,Plus,7,1,24,12/5/18,30,5.35,8.64,3.29,Quat1,6.7
458,FSL L4-0396,II,1/2a,Environment,Quat,Exponential,Plus,7,1,24,12/5/18,30,6.05,8.98,2.93,Quat1,6.7
459,FSL N1-0061,I,4b,Environment,Quat,Exponential,Plus,7,1,24,12/5/18,30,5.35,8.73,3.38,Quat1,6.7
460,FSL F2-0237,II,1/2a,Salmon,Quat,Exponential,Plus,7,1,24,12/5/18,30,5.05,8.84,3.79,Quat1,6.7
461,FSL L3-0051,I,1/2b,Salmon,Quat,Exponential,Plus,7,1,24,12/5/18,30,5.69,8.08,2.39,Quat1,6.7
462,FSL L4-0060,I,1/2b,Environment,Quat,Exponential,Plus,7,1,24,12/5/18,30,5.4,8.74,3.34,Quat1,6.7
463,FSL F2-0310,I,4b,Salmon,Quat,Exponential,Minus,7,1,24,12/5/18,30,5.35,9.15,3.8,Quat1,6.88
464,FSL L4-0396,II,1/2a,Environment,Quat,Exponential,Minus,7,1,24,12/5/18,30,6.05,9.27,3.22,Quat1,6.7
465,FSL N1-0061,I,4b,Environment,Quat,Exponential,Minus,7,1,24,12/5/18,30,5.35,9.19,3.84,Quat1,6.7
466,FSL F2-0237,II,1/2a,Salmon,Quat,Exponential,Minus,7,1,24,12/5/18,30,5.05,9.21,4.16,Quat1,6.7
467,FSL L3-0051,I,1/2b,Salmon,Quat,Exponential,Minus,7,1,24,12/5/18,30,5.69,9.13,3.44,Quat1,6.7
468,FSL L4-0060,I,1/2b,Environment,Quat,Exponential,Minus,7,1,24,12/5/18,30,5.4,9.05,3.65,Quat1,7.3
469,FSL F2-0310,I,4b,Salmon,Quat,Exponential,Plus,7,2,31,11/13/18,1,6.36,5.11,-1.25,Quat2,2.7
470,FSL L4-0396,II,1/2a,Environment,Quat,Exponential,Plus,7,2,31,11/13/18,1,6.53,5.56,-0.97,Quat2,2.7
471,FSL N1-0061,I,4b,Environment,Quat,Exponential,Plus,7,2,31,11/13/18,1,6,5.73,-0.27,Quat2,2.7
472,FSL F2-0237,II,1/2a,Salmon,Quat,Exponential,Plus,7,2,31,11/13/18,1,6.57,5.69,-0.88,Quat2,2.7
473,FSL L3-0051,I,1/2b,Salmon,Quat,Exponential,Plus,7,2,31,11/13/18,1,6.38,5.46,-0.92,Quat2,2.7
474,FSL L4-0060,I,1/2b,Environment,Quat,Exponential,Plus,7,2,31,11/13/18,1,6.61,5.11,-1.5,Quat2,2.7
475,FSL F2-0310,I,4b,Salmon,Quat,Exponential,Minus,7,2,31,11/13/18,1,6.36,6.56,0.2,Quat2,3.7
476,FSL L4-0396,II,1/2a,Environment,Quat,Exponential,Minus,7,2,31,11/13/18,1,6.53,6.9,0.37,Quat2,3.7
477,FSL N1-0061,I,4b,Environment,Quat,Exponential,Minus,7,2,31,11/13/18,1,6,6.42,0.42,Quat2,3.7
478,FSL F2-0237,II,1/2a,Salmon,Quat,Exponential,Minus,7,2,31,11/13/18,1,6.57,6.97,0.4,Quat2,3.7
479,FSL L3-0051,I,1/2b,Salmon,Quat,Exponential,Minus,7,2,31,11/13/18,1,6.38,6.67,0.29,Quat2,3.7
480,FSL L4-0060,I,1/2b,Environment,Quat,Exponential,Minus,7,2,31,11/13/18,1,6.61,7.35,0.74,Quat2,3.7
481,FSL F2-0310,I,4b,Salmon,Quat,Exponential,Plus,7,2,31,11/27/18,15,6.36,8.71,2.35,Quat2,5.7
482,FSL L4-0396,II,1/2a,Environment,Quat,Exponential,Plus,7,2,31,11/27/18,15,6.53,8.42,1.89,Quat2,5.7
483,FSL N1-0061,I,4b,Environment,Quat,Exponential,Plus,7,2,31,11/27/18,15,6,8.59,2.59,Quat2,5.7
484,FSL F2-0237,II,1/2a,Salmon,Quat,Exponential,Plus,7,2,31,11/27/18,15,6.57,8.76,2.19,Quat2,5.7
485,FSL L3-0051,I,1/2b,Salmon,Quat,Exponential,Plus,7,2,31,11/27/18,15,6.38,8.27,1.89,Quat2,5.7
486,FSL L4-0060,I,1/2b,Environment,Quat,Exponential,Plus,7,2,31,11/27/18,15,6.61,8.43,1.82,Quat2,5.7
487,FSL F2-0310,I,4b,Salmon,Quat,Exponential,Minus,7,2,31,11/27/18,15,6.36,9.22,2.86,Quat2,6.7
488,FSL L4-0396,II,1/2a,Environment,Quat,Exponential,Minus,7,2,31,11/27/18,15,6.53,9.22,2.69,Quat2,6.7
489,FSL N1-0061,I,4b,Environment,Quat,Exponential,Minus,7,2,31,11/27/18,15,6,9.15,3.15,Quat2,7.18
490,FSL F2-0237,II,1/2a,Salmon,Quat,Exponential,Minus,7,2,31,11/27/18,15,6.57,9.19,2.62,Quat2,6.7
491,FSL L3-0051,I,1/2b,Salmon,Quat,Exponential,Minus,7,2,31,11/27/18,15,6.38,9.23,2.85,Quat2,6.7
492,FSL L4-0060,I,1/2b,Environment,Quat,Exponential,Minus,7,2,31,11/27/18,15,6.61,9.17,2.56,Quat2,6.7
493,FSL F2-0310,I,4b,Salmon,Quat,Exponential,Plus,7,2,31,12/12/18,30,6.36,8.68,2.32,Quat2,6.7
494,FSL L4-0396,II,1/2a,Environment,Quat,Exponential,Plus,7,2,31,12/12/18,30,6.53,8.66,2.13,Quat2,6.7
495,FSL N1-0061,I,4b,Environment,Quat,Exponential,Plus,7,2,31,12/12/18,30,6,8.39,2.39,Quat2,6.7
496,FSL F2-0237,II,1/2a,Salmon,Quat,Exponential,Plus,7,2,31,12/12/18,30,6.57,8.51,1.94,Quat2,6.7
497,FSL L3-0051,I,1/2b,Salmon,Quat,Exponential,Plus,7,2,31,12/12/18,30,6.38,8.28,1.9,Quat2,6.7
498,FSL L4-0060,I,1/2b,Environment,Quat,Exponential,Plus,7,2,31,12/12/18,30,6.61,8.91,2.3,Quat2,6.7
499,FSL F2-0310,I,4b,Salmon,Quat,Exponential,Minus,7,2,31,12/12/18,30,6.36,9.2,2.84,Quat2,7.4
500,FSL L4-0396,II,1/2a,Environment,Quat,Exponential,Minus,7,2,31,12/12/18,30,6.53,9.16,2.63,Quat2,6.88
501,FSL N1-0061,I,4b,Environment,Quat,Exponential,Minus,7,2,31,12/12/18,30,6,9.29,3.29,Quat2,6.7
502,FSL F2-0237,II,1/2a,Salmon,Quat,Exponential,Minus,7,2,31,12/12/18,30,6.57,9.27,2.7,Quat2,6.7
503,FSL L3-0051,I,1/2b,Salmon,Quat,Exponential,Minus,7,2,31,12/12/18,30,6.38,9,2.62,Quat2,6.7
504,FSL L4-0060,I,1/2b,Environment,Quat,Exponential,Minus,7,2,31,12/12/18,30,6.61,9.23,2.62,Quat2,6.7
505,FSL F2-0310,I,4b,Salmon,Quat,Exponential,Plus,7,3,67,12/19/18,1,6.43,5.24,-1.19,Quat3,2.7
506,FSL L4-0396,II,1/2a,Environment,Quat,Exponential,Plus,7,3,67,12/19/18,1,6.39,5.86,-0.53,Quat3,2.7
507,FSL N1-0061,I,4b,Environment,Quat,Exponential,Plus,7,3,67,12/19/18,1,5.89,5.47,-0.42,Quat3,2.7
508,FSL F2-0237,II,1/2a,Salmon,Quat,Exponential,Plus,7,3,67,12/19/18,1,5.91,5.49,-0.42,Quat3,2.7
509,FSL L3-0051,I,1/2b,Salmon,Quat,Exponential,Plus,7,3,67,12/19/18,1,5.37,5,-0.37,Quat3,2.7
510,FSL L4-0060,I,1/2b,Environment,Quat,Exponential,Plus,7,3,67,12/19/18,1,5.32,5.35,0.03,Quat3,2.7
511,FSL F2-0310,I,4b,Salmon,Quat,Exponential,Minus,7,3,67,12/19/18,1,6.43,6.47,0.04,Quat3,4.7
512,FSL L4-0396,II,1/2a,Environment,Quat,Exponential,Minus,7,3,67,12/19/18,1,6.39,6.6,0.21,Quat3,4.7
513,FSL N1-0061,I,4b,Environment,Quat,Exponential,Minus,7,3,67,12/19/18,1,5.89,5.98,0.09,Quat3,4.7
514,FSL F2-0237,II,1/2a,Salmon,Quat,Exponential,Minus,7,3,67,12/19/18,1,5.91,6.76,0.85,Quat3,4.7
515,FSL L3-0051,I,1/2b,Salmon,Quat,Exponential,Minus,7,3,67,12/19/18,1,5.37,6.01,0.64,Quat3,4.7
516,FSL L4-0060,I,1/2b,Environment,Quat,Exponential,Minus,7,3,67,12/19/18,1,5.32,6.66,1.34,Quat3,4.7
517,FSL F2-0310,I,4b,Salmon,Quat,Exponential,Plus,7,3,67,1/2/19,15,6.43,5.88,-0.55,Quat3,5.7
518,FSL L4-0396,II,1/2a,Environment,Quat,Exponential,Plus,7,3,67,1/2/19,15,6.39,7.1,0.71,Quat3,5.7
519,FSL N1-0061,I,4b,Environment,Quat,Exponential,Plus,7,3,67,1/2/19,15,5.89,7.31,1.42,Quat3,5.7
520,FSL F2-0237,II,1/2a,Salmon,Quat,Exponential,Plus,7,3,67,1/2/19,15,5.91,7.51,1.6,Quat3,6.18
521,FSL L3-0051,I,1/2b,Salmon,Quat,Exponential,Plus,7,3,67,1/2/19,15,5.37,7.27,1.9,Quat3,5.7
522,FSL L4-0060,I,1/2b,Environment,Quat,Exponential,Plus,7,3,67,1/2/19,15,5.32,7.73,2.41,Quat3,6.18
523,FSL F2-0310,I,4b,Salmon,Quat,Exponential,Minus,7,3,67,1/2/19,15,6.43,8.64,2.21,Quat3,6
524,FSL L4-0396,II,1/2a,Environment,Quat,Exponential,Minus,7,3,67,1/2/19,15,6.39,8.93,2.54,Quat3,5.88
525,FSL N1-0061,I,4b,Environment,Quat,Exponential,Minus,7,3,67,1/2/19,15,5.89,8.97,3.08,Quat3,5.88
526,FSL F2-0237,II,1/2a,Salmon,Quat,Exponential,Minus,7,3,67,1/2/19,15,5.91,8.51,2.6,Quat3,7.44
527,FSL L3-0051,I,1/2b,Salmon,Quat,Exponential,Minus,7,3,67,1/2/19,15,5.37,9.09,3.72,Quat3,7.7
528,FSL L4-0060,I,1/2b,Environment,Quat,Exponential,Minus,7,3,67,1/2/19,15,5.32,9.09,3.77,Quat3,6
529,FSL F2-0310,I,4b,Salmon,Quat,Exponential,Plus,7,3,67,1/17/19,30,6.43,8.35,2.48,Quat3,6.24
530,FSL L4-0396,II,1/2a,Environment,Quat,Exponential,Plus,7,3,67,1/17/19,30,6.39,8.76,1.66,Quat3,6.18
531,FSL N1-0061,I,4b,Environment,Quat,Exponential,Plus,7,3,67,1/17/19,30,5.89,8.19,0.88,Quat3,6.93
532,FSL F2-0237,II,1/2a,Salmon,Quat,Exponential,Plus,7,3,67,1/17/19,30,5.91,7.96,0.45,Quat3,6
533,FSL L3-0051,I,1/2b,Salmon,Quat,Exponential,Plus,7,3,67,1/17/19,30,5.37,7.7,0.43,Quat3,6.54
534,FSL L4-0060,I,1/2b,Environment,Quat,Exponential,Plus,7,3,67,1/17/19,30,5.32,8.57,0.84,Quat3,6.76
535,FSL F2-0310,I,4b,Salmon,Quat,Exponential,Minus,7,3,67,1/17/19,30,6.43,9,0.36,Quat3,6.7
536,FSL L4-0396,II,1/2a,Environment,Quat,Exponential,Minus,7,3,67,1/17/19,30,6.39,8.89,-0.04,Quat3,6.7
537,FSL N1-0061,I,4b,Environment,Quat,Exponential,Minus,7,3,67,1/17/19,30,5.89,8.76,-0.21,Quat3,7.44
538,FSL F2-0237,II,1/2a,Salmon,Quat,Exponential,Minus,7,3,67,1/17/19,30,5.91,9.2,0.69,Quat3,7.6
539,FSL L3-0051,I,1/2b,Salmon,Quat,Exponential,Minus,7,3,67,1/17/19,30,5.37,8.58,-0.51,Quat3,7.54
540,FSL L4-0060,I,1/2b,Environment,Quat,Exponential,Minus,7,3,67,1/17/19,30,5.32,9.03,-0.06,Quat3,7.1
541,FSL F2-0310,I,4b,Salmon,Quat,Exponential,Plus,7,4,98,2/19/19,1,5.66,5.21,-0.45,Quat4,2.7
542,FSL L4-0396,II,1/2a,Environment,Quat,Exponential,Plus,7,4,98,2/19/19,1,5.83,5.12,-0.71,Quat4,2.7
543,FSL N1-0061,I,4b,Environment,Quat,Exponential,Plus,7,4,98,2/19/19,1,5.74,4.43,-1.31,Quat4,2.7
544,FSL F2-0237,II,1/2a,Salmon,Quat,Exponential,Plus,7,4,98,2/19/19,1,5.39,4.8,-0.59,Quat4,2.7
545,FSL L3-0051,I,1/2b,Salmon,Quat,Exponential,Plus,7,4,98,2/19/19,1,5.31,4.13,-1.18,Quat4,2.7
546,FSL L4-0060,I,1/2b,Environment,Quat,Exponential,Plus,7,4,98,2/19/19,1,5.76,4.47,-1.29,Quat4,2.7
547,FSL F2-0310,I,4b,Salmon,Quat,Exponential,Minus,7,4,98,2/19/19,1,5.66,6.11,0.46,Quat4,3.7
548,FSL L4-0396,II,1/2a,Environment,Quat,Exponential,Minus,7,4,98,2/19/19,1,5.83,6.16,0.33,Quat4,3.7
549,FSL N1-0061,I,4b,Environment,Quat,Exponential,Minus,7,4,98,2/19/19,1,5.74,5.66,-0.08,Quat4,3.7
550,FSL F2-0237,II,1/2a,Salmon,Quat,Exponential,Minus,7,4,98,2/19/19,1,5.39,6.24,0.85,Quat4,3.7
551,FSL L3-0051,I,1/2b,Salmon,Quat,Exponential,Minus,7,4,98,2/19/19,1,5.31,5.37,0.06,Quat4,3.7
552,FSL L4-0060,I,1/2b,Environment,Quat,Exponential,Minus,7,4,98,2/19/19,1,5.76,6.35,0.58,Quat4,3.7
553,FSL F2-0310,I,4b,Salmon,Quat,Exponential,Plus,7,4,98,3/5/19,15,5.66,8.26,3.05,Quat4,6.67
554,FSL L4-0396,II,1/2a,Environment,Quat,Exponential,Plus,7,4,98,3/5/19,15,5.83,8.14,3.02,Quat4,4.7
555,FSL N1-0061,I,4b,Environment,Quat,Exponential,Plus,7,4,98,3/5/19,15,5.74,6.55,2.12,Quat4,6.22
556,FSL F2-0237,II,1/2a,Salmon,Quat,Exponential,Plus,7,4,98,3/5/19,15,5.39,8.36,3.56,Quat4,6.93
557,FSL L3-0051,I,1/2b,Salmon,Quat,Exponential,Plus,7,4,98,3/5/19,15,5.31,6.7,2.57,Quat4,6.19
558,FSL L4-0060,I,1/2b,Environment,Quat,Exponential,Plus,7,4,98,3/5/19,15,5.76,8.58,4.11,Quat4,5.18
559,FSL F2-0310,I,4b,Salmon,Quat,Exponential,Minus,7,4,98,3/5/19,15,5.66,8.54,2.43,Quat4,6.35
560,FSL L4-0396,II,1/2a,Environment,Quat,Exponential,Minus,7,4,98,3/5/19,15,5.83,8.74,2.58,Quat4,6
561,FSL N1-0061,I,4b,Environment,Quat,Exponential,Minus,7,4,98,3/5/19,15,5.74,9.15,3.49,Quat4,5.88
562,FSL F2-0237,II,1/2a,Salmon,Quat,Exponential,Minus,7,4,98,3/5/19,15,5.39,8.91,2.67,Quat4,5.88
563,FSL L3-0051,I,1/2b,Salmon,Quat,Exponential,Minus,7,4,98,3/5/19,15,5.31,8.63,3.26,Quat4,6.3
564,FSL L4-0060,I,1/2b,Environment,Quat,Exponential,Minus,7,4,98,3/5/19,15,5.76,9.3,2.95,Quat4,6
565,FSL F2-0310,I,4b,Salmon,Quat,Exponential,Plus,7,4,98,3/20/19,30,5.66,8.64,0.38,Quat4,6.3
566,FSL L4-0396,II,1/2a,Environment,Quat,Exponential,Plus,7,4,98,3/20/19,30,5.83,8.36,0.22,Quat4,6.81
567,FSL N1-0061,I,4b,Environment,Quat,Exponential,Plus,7,4,98,3/20/19,30,5.74,8.78,2.23,Quat4,7.23
568,FSL F2-0237,II,1/2a,Salmon,Quat,Exponential,Plus,7,4,98,3/20/19,30,5.39,8.45,0.09,Quat4,6.4
569,FSL L3-0051,I,1/2b,Salmon,Quat,Exponential,Plus,7,4,98,3/20/19,30,5.31,8.28,1.58,Quat4,7.42
570,FSL L4-0060,I,1/2b,Environment,Quat,Exponential,Plus,7,4,98,3/20/19,30,5.76,8.2,-0.38,Quat4,6.8
571,FSL F2-0310,I,4b,Salmon,Quat,Exponential,Minus,7,4,98,3/20/19,30,5.66,9.05,0.51,Quat4,6.7
572,FSL L4-0396,II,1/2a,Environment,Quat,Exponential,Minus,7,4,98,3/20/19,30,5.83,8.96,0.22,Quat4,6.7
573,FSL N1-0061,I,4b,Environment,Quat,Exponential,Minus,7,4,98,3/20/19,30,5.74,8.81,-0.35,Quat4,6.88
574,FSL F2-0237,II,1/2a,Salmon,Quat,Exponential,Minus,7,4,98,3/20/19,30,5.39,8.89,-0.02,Quat4,6.7
575,FSL L3-0051,I,1/2b,Salmon,Quat,Exponential,Minus,7,4,98,3/20/19,30,5.31,9.2,0.57,Quat4,6.7
576,FSL L4-0060,I,1/2b,Environment,Quat,Exponential,Minus,7,4,98,3/20/19,30,5.76,8.87,-0.43,Quat4,6.7